{
	"forceIncludingFiles": false,
	"title": "sample_module.module_title",
	"description": "sample_module.module_description",
	"configuration": [
		{
			"title": "sample_module.section_switcher",
			"fields": {
				"sampleSwitcher": {
					"type": "checkbox",
					"label": "sample_module.label_switcher"
				}
			}
		},
		{
			"title": "sample_module.section_inputs",
			"fields": {
				"sampleInput": {
					"type": "text",
					"label": "sample_module.label_input"
				},
				"samplePassword": {
					"type": "password",
					"label": "sample_module.label_password"
				},
				"sampleEmail": {
					"type": "email",
					"label": "sample_module.label_email"
				},
				"sampleNumber": {
					"type": "number",
					"label": "sample_module.label_number"
				},
				"sampleColor": {
					"type": "color",
					"label": "sample_module.label_color"
				},
				"sampleDate": {
					"type": "date",
					"label": "sample_module.label_date"
				},
				"sampleDateTime": {
					"type": "datetime",
					"label": "sample_module.label_datetime"
				},
				"sampleFile": {
					"type": "file",
					"label": "sample_module.label_file",
					"folder": "images"
				},
				"sampleTextarea": {
					"type": "textarea",
					"label": "sample_module.label_textarea"
				},
				"sampleEditor": {
					"type": "editor",
					"label": "sample_module.label_editor"
				}
			}
		},
		{
			"title": "sample_module.section_selects",
			"fields": {
				"sampleSelect": {
					"type": "select",
					"label": "sample_module.label_select",
					"values": [
						{
							"value": "value1",
							"text": "sample_module.option_value1"
						},
						{
							"value": "value2",
							"text": "sample_module.option_value2"
						},
						{
							"value": "value3",
							"text": "sample_module.option_value3"
						}
					]
				},
				"sampleMultiSelect": {
					"type": "multiselect",
					"label": "sample_module.label_multiselect",
					"values": [
						{
							"value": "value1",
							"text": "sample_module.option_value1"
						},
						{
							"value": "value2",
							"text": "sample_module.option_value2"
						},
						{
							"value": "value3",
							"text": "sample_module.option_value3"
						}
					]
				},
				"sampleCustomerGroup": {
					"type": "customer_group",
					"label": "sample_module.label_customer_group"
				},
				"sampleOrderStatus": {
					"type": "order_status",
					"label": "sample_module.label_order_status"
				},
				"sampleCountryList": {
					"type": "countries",
					"label": "sample_module.label_countries"
				},
				"sampleLanguage": {
					"type": "languages",
					"label": "sample_module.label_languages"
				}
				
			}
		},
		{
			"title": "sample_module.section_buttons",
			"fields": {
				"sampleAjaxButton": {
					"type": "button",
					"label": "sample_module.label_button_ajax",
					"text": "sample_module.text_button_ajax",
					"action": {
						"controller": "SampleButtonController",
						"method": "someAction",
						"message": "sample_module.text_success_button_ajax"
					}
				},
				"sampleModalButton": {
					"type": "button",
					"label": "sample_module.label_button_modal",
					"text": "sample_module.text_button_modal",
					"modal": "sampleModal"
				},
				"sampleModal": {
					"type": "modal",
					"title": "sample_module.modal_title_sample_modal",
					"description": "sample_module.modal_description_sample_modal",
					"buttons": {
						"close": {
							"text": "buttons.cancel"
						},
						"delete": {
							"text": "buttons.delete",
							"action": {
								"controller": "SampleButtonController",
								"method": "someAction",
								"message": "sample_module.text_success_button_modal"
							}
						}
					}
				},
				"sampleModalButton2": {
					"type": "button",
					"label": "sample_module.label_button_modal",
					"text": "sample_module.text_button_modal2",
					"modal": "sampleModal2"
				},
				"sampleModal2": {
					"type": "modal",
					"title": "sample_module.modal_title_sample_modal",
					"content": "Partner/Sample/Admin/Html/modal_content.html",
					"buttons": {
						"close": {
							"text": "buttons.cancel"
						},
						"delete": {
							"text": "buttons.delete",
							"action": {
								"controller": "SampleButtonController",
								"method": "someAction",
								"message": "sample_module.text_success_button_modal"
							}
						}
					}
				}
				
			}
		},
		{
			"title": "sample_module.section_optionals",
			"fields": {
				"sampleOptionalAccept": {
					"type": "file",
					"label": "sample_module.label_optional_accept",
					"folder": "images",
					"accept": "image/*"
				},
				"sampleOptionalColor": {
					"type": "button",
					"label": "sample_module.label_optional_color",
					"text": "sample_module.text_button_modal",
					"modal": "sampleModal",
					"color": "danger"
				},
				"sampleOptionalDefaultValue": {
					"type": "text",
					"label": "sample_module.label_optional_default_value",
					"default_value": "Lorem ipsum ..."
				},
				"sampleOptionalMax": {
					"type": "number",
					"label": "sample_module.label_optional_max",
					"max": 50
				},
				"sampleOptionalMin": {
					"type": "number",
					"label": "sample_module.label_optional_min",
					"min": 50
				},
				"sampleOptionalRegex": {
					"type": "text",
					"label": "sample_module.label_optional_regex",
					"regex": "[0-9()-\\+\\s]+"
				},
				"sampleOptionalRequired": {
					"type": "text",
					"label": "sample_module.label_optional_required",
					"required": true
				},
				"sampleOptionalSelected": {
					"type": "multiselect",
					"label": "sample_module.label_multiselect",
					"values": [
						{
							"value": "value1",
							"text": "sample_module.option_value1"
						},
						{
							"value": "value2",
							"text": "sample_module.option_value2"
						},
						{
							"value": "value3",
							"text": "sample_module.option_value3"
						}
					],
					"selected": [
						"value1",
						"value2"
					]
				},
				"sampleOptionalSteps": {
					"type": "number",
					"label": "sample_module.label_optional_steps",
					"step": 0.5
				},
				"sampleOptionalTooltip": {
					"type": "text",
					"label": "sample_module.label_optional_tooltip",
					"tooltip": {
						"type": "info",
						"text": "sample_module.text_tooltip"
					}
				}
			}
		}
	]
}