[
	{
		"id": "gambio-samples_glossary",
		"sort": 1,
		"class": "fab fa-linode",
		"title": "Gambio Samples",
		"items": [
			{
				"sort": 10,
				"link": "gambio-samples/hello-world",
				"title": "Hello World"
			},
			{
				"sort": 20,
				"link": "gambio-samples/cache-cleaner",
				"title": "Cache Cleaner"
			},
			{
				"sort": 30,
				"link": "gambio-samples/twig",
				"title": "Twig"
			},
			{
				"sort": 40,
				"link": "gambio-samples/shop-status",
				"title": "More complex example"
			}
		]
	}
]